trade_id,buy/sell,notional,executed_price,order_datetime,instrument,alpha
107414,1,"150,000",1.35724,1/7/2018 19:07:49.749,GBP/USD,SOM
107427,1,"310,000",1.35725,1/7/2018 19:15:23.1523,GBP/USD,SOM
107638,-1,"310,000",1.35453,1/8/2018 7:38:48.3848,GBP/USD,SOM
107649,-1,"310,000",1.35371,1/8/2018 8:10:55.1055,GBP/USD,SOM
107654,-1,"320,000",1.35394,1/8/2018 8:19:10.1910,GBP/USD,SOM
107664,-1,"200,000",1.35405,1/8/2018 8:23:16.2316,GBP/USD,SOM
107670,-1,"490,000",1.35423,1/8/2018 8:34:40.3440,GBP/USD,SOM
107726,1,"200,000",1.35716,1/8/2018 11:25:13.2513,GBP/USD,SOM
107733,1,"310,000",1.35693,1/8/2018 11:42:08.428,GBP/USD,SOM
107737,1,"310,000",1.35676,1/8/2018 12:15:34.1534,GBP/USD,SOM
107738,1,"310,000",1.35677,1/8/2018 12:15:35.1535,GBP/USD,SOM
107739,1,"320,000",1.35645,1/8/2018 12:20:20.2020,GBP/USD,SOM
107742,1,"200,000",1.3561,1/8/2018 12:26:08.268,GBP/USD,SOM
107784,1,"240,000",1.35637,1/8/2018 15:41:56.4156,GBP/USD,MAR
107785,1,"240,000",1.35636,1/8/2018 15:41:57.4157,GBP/USD,MAR
107831,-1,"490,000",1.35662,1/8/2018 20:03:48.348,GBP/USD,SOM
107835,-1,"310,000",1.35654,1/8/2018 20:06:50.650,GBP/USD,SOM
107844,-1,"180,000",1.35748,1/8/2018 21:02:49.249,GBP/USD,DIS
107846,-1,"310,000",1.35744,1/8/2018 21:07:40.740,GBP/USD,SOM
107847,-1,"320,000",1.35745,1/8/2018 21:18:26.1826,GBP/USD,SOM
107848,-1,"200,000",1.35751,1/8/2018 21:21:09.219,GBP/USD,SOM
107849,-1,"200,000",1.35751,1/8/2018 21:21:10.2110,GBP/USD,SOM
107851,-1,"490,000",1.35763,1/8/2018 21:33:50.3350,GBP/USD,SOM
107853,-1,"310,000",1.35744,1/8/2018 21:37:19.3719,GBP/USD,SOM
107856,-1,"360,000",1.35803,1/8/2018 22:08:35.835,GBP/USD,SOM
107860,-1,"360,000",1.358,1/8/2018 22:08:36.836,GBP/USD,SOM
107877,-1,"300,000",1.35763,1/8/2018 23:04:50.450,GBP/USD,SOM
107880,-1,"360,000",1.35762,1/8/2018 23:09:33.933,GBP/USD,SOM
107894,-1,"360,000",1.35741,1/9/2018 1:12:38.1238,GBP/USD,SOM
107941,1,"490,000",1.35518,1/9/2018 2:35:31.3531,GBP/USD,SOM
108003,-1,"310,000",1.35272,1/9/2018 5:17:17.1717,GBP/USD,SOM
108012,-1,"490,000",1.35312,1/9/2018 5:36:31.3631,GBP/USD,SOM
108014,-1,"310,000",1.35311,1/9/2018 5:44:26.4426,GBP/USD,SOM
108017,-1,"310,000",1.35296,1/9/2018 6:18:33.1833,GBP/USD,SOM
108019,-1,"320,000",1.35359,1/9/2018 6:23:01.231,GBP/USD,SOM
108022,-1,"200,000",1.35358,1/9/2018 6:29:52.2952,GBP/USD,SOM
108042,-1,"200,000",1.35146,1/9/2018 8:35:08.358,GBP/USD,SOM
108043,-1,"200,000",1.35146,1/9/2018 8:35:09.359,GBP/USD,SOM
108049,-1,"180,000",1.35167,1/9/2018 8:51:25.5125,GBP/USD,SOM
108050,-1,"180,000",1.35167,1/9/2018 8:51:26.5126,GBP/USD,SOM
108060,-1,"140,000",1.35217,1/9/2018 9:22:28.2228,GBP/USD,SOM
108061,-1,"180,000",1.35212,1/9/2018 9:22:29.2229,GBP/USD,SOM
108062,-1,"180,000",1.35218,1/9/2018 9:22:30.2230,GBP/USD,SOM
108092,-1,"180,000",1.3515,1/9/2018 10:12:39.1239,GBP/USD,DIS
108093,-1,"180,000",1.3515,1/9/2018 10:12:40.1240,GBP/USD,DIS
108094,-1,"180,000",1.35149,1/9/2018 10:12:41.1241,GBP/USD,DIS
108095,-1,"180,000",1.35151,1/9/2018 10:12:42.1242,GBP/USD,DIS
108101,-1,"300,000",1.35148,1/9/2018 10:16:58.1658,GBP/USD,SOM
108106,-1,"360,000",1.35162,1/9/2018 10:28:47.2847,GBP/USD,SOM
108110,-1,"200,000",1.35232,1/9/2018 10:45:20.4520,GBP/USD,SOM
108147,-1,"310,000",1.35183,1/9/2018 11:34:25.3425,GBP/USD,SOM
108149,-1,"300,000",1.35208,1/9/2018 12:03:33.333,GBP/USD,SOM
108150,-1,"300,000",1.35208,1/9/2018 12:03:34.334,GBP/USD,SOM
108157,-1,"140,000",1.35204,1/9/2018 12:05:59.559,GBP/USD,SOM
108180,1,"180,000",1.35251,1/9/2018 13:02:52.252,GBP/USD,DIS
108192,-1,"180,000",1.35328,1/9/2018 14:03:07.37,GBP/USD,DIS
108195,-1,"490,000",1.35335,1/9/2018 14:04:30.430,GBP/USD,SOM
108200,-1,"320,000",1.35347,1/9/2018 14:18:31.1831,GBP/USD,SOM
108201,1,"200,000",1.35373,1/9/2018 14:21:12.2112,GBP/USD,SOM
108204,1,"310,000",1.35363,1/9/2018 14:37:19.3719,GBP/USD,SOM
108207,1,"310,000",1.35348,1/9/2018 15:09:19.919,GBP/USD,SOM
108216,1,"320,000",1.354,1/9/2018 16:18:58.1858,GBP/USD,SOM
108217,1,"320,000",1.35402,1/9/2018 16:18:59.1859,GBP/USD,SOM
108219,1,"200,000",1.35402,1/9/2018 16:22:44.2244,GBP/USD,SOM
108221,1,"490,000",1.35399,1/9/2018 16:34:32.3432,GBP/USD,SOM
108222,1,"490,000",1.35398,1/9/2018 16:34:33.3433,GBP/USD,SOM
108224,1,"310,000",1.35399,1/9/2018 16:39:07.397,GBP/USD,SOM
108226,1,"180,000",1.354055,1/9/2018 18:04:24.424,GBP/USD,DIS
108230,1,"490,000",1.35384,1/9/2018 18:07:20.720,GBP/USD,SOM
108238,1,"180,000",1.35328,1/9/2018 19:02:17.217,GBP/USD,DIS
108240,1,"180,000",1.35333,1/9/2018 19:04:04.44,GBP/USD,MAR
108265,1,"140,000",1.35349,1/9/2018 20:06:49.649,GBP/USD,SOM
108267,-1,"320,000",1.35308,1/9/2018 20:18:11.1811,GBP/USD,SOM
108268,-1,"200,000",1.35273,1/9/2018 20:20:24.2024,GBP/USD,SOM
108278,-1,"490,000",1.35266,1/9/2018 20:33:35.3335,GBP/USD,SOM
108311,-1,"310,000",1.35279,1/9/2018 20:36:43.3643,GBP/USD,SOM
108318,1,"300,000",1.35368,1/9/2018 21:04:04.44,GBP/USD,SOM
108338,-1,"310,000",1.35361,1/9/2018 21:07:54.754,GBP/USD,SOM
108404,1,"300,000",1.35194,1/10/2018 1:03:56.356,GBP/USD,SOM
108409,1,"180,000",1.35182,1/10/2018 1:17:33.1733,GBP/USD,DIS
108411,-1,"320,000",1.35158,1/10/2018 1:18:25.1825,GBP/USD,SOM
108426,-1,"490,000",1.35189,1/10/2018 1:33:45.3345,GBP/USD,SOM
108443,-1,"200,000",1.35278,1/10/2018 2:21:46.2146,GBP/USD,SOM
108458,-1,"360,000",1.35101,1/10/2018 3:03:43.343,GBP/USD,DIS
108465,-1,"300,000",1.35134,1/10/2018 3:05:49.549,GBP/USD,SOM
108474,-1,"310,000",1.35139,1/10/2018 3:11:33.1133,GBP/USD,SOM
108482,-1,"320,000",1.35137,1/10/2018 3:19:02.192,GBP/USD,SOM
108485,-1,"200,000",1.35146,1/10/2018 3:22:44.2244,GBP/USD,SOM
108489,-1,"490,000",1.3517,1/10/2018 3:34:30.3430,GBP/USD,SOM
108495,-1,"310,000",1.35167,1/10/2018 3:39:15.3915,GBP/USD,SOM
108499,-1,"300,000",1.35103,1/10/2018 4:05:43.543,GBP/USD,SOM
108503,-1,"180,000",1.351,1/10/2018 4:08:43.843,GBP/USD,MAR
108506,-1,"310,000",1.351,1/10/2018 4:11:57.1157,GBP/USD,SOM
108508,-1,"140,000",1.35088,1/10/2018 4:11:58.1158,GBP/USD,SOM
108510,-1,"60,000",1.35084,1/10/2018 4:11:59.1159,GBP/USD,SOM
108518,-1,"200,000",1.35162,1/10/2018 4:23:48.2348,GBP/USD,SOM
108537,-1,"140,000",1.3495,1/10/2018 5:04:00.40,GBP/USD,DIS
108543,-1,"220,000",1.34945,1/10/2018 5:06:28.628,GBP/USD,SOM
108551,-1,"140,000",1.34943,1/10/2018 5:12:59.1259,GBP/USD,SOM
108557,1,"180,000",1.34888,1/10/2018 5:33:34.3334,GBP/USD,DIS
108559,1,"180,000",1.35249,1/10/2018 5:38:25.3825,GBP/USD,MAR
108560,1,"180,000",1.35243,1/10/2018 5:38:26.3826,GBP/USD,MAR
108562,1,"180,000",1.35246,1/10/2018 5:38:27.3827,GBP/USD,MAR
108565,1,"180,000",1.35251,1/10/2018 5:38:28.3828,GBP/USD,MAR
108567,1,"360,000",1.35252,1/10/2018 5:38:29.3829,GBP/USD,MAR
108569,1,"360,000",1.35259,1/10/2018 5:38:30.3830,GBP/USD,MAR
108571,1,"360,000",1.35267,1/10/2018 5:38:31.3831,GBP/USD,MAR
108573,1,"360,000",1.35266,1/10/2018 5:38:32.3832,GBP/USD,MAR
108575,1,"480,000",1.35269,1/10/2018 5:38:33.3833,GBP/USD,MAR
108577,1,"480,000",1.35277,1/10/2018 5:38:34.3834,GBP/USD,MAR
108584,1,"180,000",1.35571,1/10/2018 6:04:23.423,GBP/USD,DIS
108590,-1,"220,000",1.35514,1/10/2018 6:07:08.78,GBP/USD,SOM
108611,-1,"60,000",1.35513,1/10/2018 6:14:25.1425,GBP/USD,SOM
108671,-1,"140,000",1.35532,1/10/2018 7:04:38.438,GBP/USD,DIS
108693,-1,"310,000",1.35492,1/10/2018 7:15:54.1554,GBP/USD,SOM
108704,-1,"200,000",1.35467,1/10/2018 7:28:32.2832,GBP/USD,SOM
108705,-1,"200,000",1.35464,1/10/2018 7:28:33.2833,GBP/USD,SOM
108726,-1,"310,000",1.35358,1/10/2018 7:43:10.4310,GBP/USD,SOM
108727,-1,"310,000",1.35357,1/10/2018 7:43:11.4311,GBP/USD,SOM
108729,-1,"490,000",1.35257,1/10/2018 8:07:57.757,GBP/USD,SOM
108740,-1,"310,000",1.35268,1/10/2018 8:16:43.1643,GBP/USD,SOM
108741,-1,"310,000",1.3528,1/10/2018 8:16:44.1644,GBP/USD,SOM
108743,-1,"60,000",1.35277,1/10/2018 8:16:45.1645,GBP/USD,SOM
108744,-1,"60,000",1.35272,1/10/2018 8:16:46.1646,GBP/USD,SOM
108748,-1,"320,000",1.35314,1/10/2018 8:22:28.2228,GBP/USD,SOM
108762,-1,"180,000",1.35287,1/10/2018 8:34:04.344,GBP/USD,DIS
108763,-1,"180,000",1.35287,1/10/2018 8:34:05.345,GBP/USD,DIS
108764,-1,"180,000",1.35289,1/10/2018 8:34:06.346,GBP/USD,DIS
108767,-1,"490,000",1.35333,1/10/2018 8:36:39.3639,GBP/USD,SOM
108769,-1,"490,000",1.35333,1/10/2018 8:36:40.3640,GBP/USD,SOM
108779,-1,"310,000",1.35323,1/10/2018 8:44:07.447,GBP/USD,SOM
108782,-1,"180,000",1.35358,1/10/2018 9:05:02.52,GBP/USD,DIS
108783,-1,"360,000",1.35356,1/10/2018 9:05:03.53,GBP/USD,DIS
108784,-1,"180,000",1.35353,1/10/2018 9:05:04.54,GBP/USD,DIS
108790,-1,"490,000",1.35349,1/10/2018 9:08:42.842,GBP/USD,SOM
108798,-1,"310,000",1.35348,1/10/2018 9:18:10.1810,GBP/USD,SOM
108801,-1,"180,000",1.3529,1/10/2018 9:21:51.2151,GBP/USD,DIS
108802,-1,"180,000",1.3529,1/10/2018 9:21:52.2152,GBP/USD,DIS
108803,-1,"180,000",1.3529,1/10/2018 9:21:53.2153,GBP/USD,DIS
108805,-1,"320,000",1.35289,1/10/2018 9:23:54.2354,GBP/USD,SOM
108806,-1,"320,000",1.35287,1/10/2018 9:23:55.2355,GBP/USD,SOM
108807,-1,"200,000",1.35289,1/10/2018 9:30:58.3058,GBP/USD,SOM
108809,-1,"180,000",1.35238,1/10/2018 9:34:21.3421,GBP/USD,DIS
108829,-1,"310,000",1.35102,1/10/2018 9:45:27.4527,GBP/USD,SOM
108835,-1,"180,000",1.35284,1/10/2018 10:13:42.1342,GBP/USD,MAR
108839,-1,"180,000",1.35282,1/10/2018 10:19:11.1911,GBP/USD,SOM
108840,-1,"180,000",1.35312,1/10/2018 10:22:26.2226,GBP/USD,DIS
108849,-1,"180,000",1.35306,1/10/2018 10:28:24.2824,GBP/USD,MAR
108850,-1,"200,000",1.35308,1/10/2018 10:31:51.3151,GBP/USD,SOM
108861,-1,"180,000",1.35248,1/10/2018 11:05:29.529,GBP/USD,DIS
108869,-1,"220,000",1.35187,1/10/2018 11:10:06.106,GBP/USD,SOM
108873,-1,"140,000",1.35187,1/10/2018 11:14:41.1441,GBP/USD,MAR
108901,-1,"220,000",1.3511,1/10/2018 12:03:35.335,GBP/USD,SOM
108917,-1,"360,000",1.35189,1/10/2018 13:06:40.640,GBP/USD,SOM
108931,-1,"180,000",1.35166,1/10/2018 13:36:22.3622,GBP/USD,SOM
108934,-1,"96,000",1.35056,1/10/2018 14:10:47.1047,GBP/USD,SOM
108961,-1,"180,000",1.3507,1/10/2018 14:42:48.4248,GBP/USD,MAR
108966,-1,"180,000",1.35069,1/10/2018 14:47:22.4722,GBP/USD,SOM
108985,-1,"200,000",1.35114,1/10/2018 15:19:45.1945,GBP/USD,SOM
109002,-1,"60,000",1.3509,1/10/2018 18:17:20.1720,GBP/USD,SOM
109017,-1,"180,000",1.35105,1/10/2018 19:05:42.542,GBP/USD,SOM
109031,-1,"490,000",1.35126,1/10/2018 21:17:32.1732,GBP/USD,SOM
109035,-1,"360,000",1.3513,1/10/2018 21:27:14.2714,GBP/USD,SOM
109038,-1,"320,000",1.35141,1/10/2018 21:28:10.2810,GBP/USD,SOM
109039,-1,"490,000",1.35137,1/10/2018 21:33:06.336,GBP/USD,SOM
109041,-1,"200,000",1.35115,1/10/2018 22:20:18.2018,GBP/USD,SOM
109044,-1,"310,000",1.35024,1/10/2018 22:36:26.3626,GBP/USD,SOM
109057,-1,"180,000",1.3489,1/11/2018 0:08:28.828,GBP/USD,SOM
109088,-1,"180,000",1.34919,1/11/2018 2:03:39.339,GBP/USD,DIS
109092,-1,"560,000",1.34917,1/11/2018 2:05:43.543,GBP/USD,SOM
109105,-1,"360,000",1.34916,1/11/2018 2:11:21.1121,GBP/USD,SOM
109108,-1,"360,000",1.34916,1/11/2018 2:11:22.1122,GBP/USD,SOM
109170,-1,"180,000",1.3487,1/11/2018 4:14:45.1445,GBP/USD,SOM
109171,1,"310,000",1.34874,1/11/2018 4:14:46.1446,GBP/USD,SOM
109176,-1,"200,000",1.34855,1/11/2018 4:25:57.2557,GBP/USD,SOM
109177,1,"200,000",1.34861,1/11/2018 4:25:58.2558,GBP/USD,SOM
109184,-1,"180,000",1.34906,1/11/2018 4:42:34.4234,GBP/USD,SOM
109186,1,"310,000",1.34911,1/11/2018 4:42:35.4235,GBP/USD,SOM
109187,1,"180,000",1.3496,1/11/2018 5:04:31.431,GBP/USD,DIS
109205,-1,"200,000",1.34932,1/11/2018 5:26:50.2650,GBP/USD,SOM
109207,-1,"200,000",1.3493,1/11/2018 5:26:51.2651,GBP/USD,SOM
109217,-1,"310,000",1.34902,1/11/2018 5:43:08.438,GBP/USD,SOM
109219,-1,"310,000",1.34901,1/11/2018 5:43:09.439,GBP/USD,SOM
109221,-1,"180,000",1.34965,1/11/2018 6:07:28.728,GBP/USD,DIS
109227,-1,"310,000",1.3474,1/11/2018 6:33:46.3346,GBP/USD,SOM
109231,-1,"180,000",1.34657,1/11/2018 6:40:27.4027,GBP/USD,DIS
109240,1,"180,000",1.34816,1/11/2018 7:38:57.3857,GBP/USD,DIS
109241,1,"180,000",1.34815,1/11/2018 7:38:58.3858,GBP/USD,DIS
109248,1,"300,000",1.34813,1/11/2018 7:39:43.3943,GBP/USD,SOM
109253,1,"180,000",1.34811,1/11/2018 7:40:47.4047,GBP/USD,MAR
109256,1,"180,000",1.34811,1/11/2018 7:40:48.4048,GBP/USD,MAR
109262,1,"180,000",1.34804,1/11/2018 7:40:49.4049,GBP/USD,MAR
109268,1,"180,000",1.34814,1/11/2018 7:40:50.4050,GBP/USD,MAR
109278,-1,"320,000",1.34809,1/11/2018 7:43:20.4320,GBP/USD,SOM
109280,1,"180,000",1.34813,1/11/2018 7:44:22.4422,GBP/USD,MAR
109286,-1,"200,000",1.34807,1/11/2018 7:45:25.4525,GBP/USD,SOM
109295,-1,"130,000",1.34824,1/11/2018 7:47:51.4751,GBP/USD,SOM
109296,1,"180,000",1.34831,1/11/2018 7:49:00.490,GBP/USD,MAR
109300,-1,"120,000",1.34825,1/11/2018 7:50:04.504,GBP/USD,SOM
109302,-1,"120,000",1.34825,1/11/2018 7:50:05.505,GBP/USD,SOM
109308,1,"180,000",1.34841,1/11/2018 8:02:58.258,GBP/USD,DIS
109311,1,"300,000",1.34894,1/11/2018 8:04:02.42,GBP/USD,SOM
109319,-1,"180,000",1.34917,1/11/2018 8:05:33.533,GBP/USD,MAR
109321,-1,"310,000",1.34923,1/11/2018 8:07:07.77,GBP/USD,SOM
109322,-1,"180,000",1.34911,1/11/2018 8:19:51.1951,GBP/USD,MAR
109323,-1,"200,000",1.34912,1/11/2018 8:21:01.211,GBP/USD,SOM
109327,-1,"180,000",1.35022,1/11/2018 8:32:52.3252,GBP/USD,DIS
109331,-1,"200,000",1.35036,1/11/2018 8:33:59.3359,GBP/USD,SOM
109333,-1,"200,000",1.35037,1/11/2018 8:34:00.340,GBP/USD,SOM
109339,-1,"310,000",1.35069,1/11/2018 8:37:17.3717,GBP/USD,SOM
109340,-1,"120,000",1.35069,1/11/2018 8:37:18.3718,GBP/USD,SOM
109352,1,"360,000",1.35248,1/11/2018 9:17:58.1758,GBP/USD,DIS
109364,1,"180,000",1.35264,1/11/2018 9:33:03.333,GBP/USD,DIS
109373,1,"360,000",1.35364,1/11/2018 10:03:16.316,GBP/USD,DIS
109374,-1,"180,000",1.35359,1/11/2018 10:03:17.317,GBP/USD,DIS
109377,1,"96,000",1.35371,1/11/2018 10:04:56.456,GBP/USD,SOM
109387,1,"60,000",1.35393,1/11/2018 10:09:41.941,GBP/USD,SOM
109398,1,"180,000",1.35381,1/11/2018 10:33:14.3314,GBP/USD,DIS
109419,1,"120,000",1.35409,1/11/2018 10:38:44.3844,GBP/USD,SOM
109420,1,"120,000",1.35412,1/11/2018 10:38:45.3845,GBP/USD,SOM
109424,1,"180,000",1.35398,1/11/2018 11:03:31.331,GBP/USD,DIS
109429,-1,"560,000",1.354,1/11/2018 11:05:20.520,GBP/USD,SOM
109430,-1,"560,000",1.35399,1/11/2018 11:05:21.521,GBP/USD,SOM
109436,1,"60,000",1.35406,1/11/2018 11:10:32.1032,GBP/USD,SOM
109447,1,"180,000",1.35416,1/11/2018 11:18:07.187,GBP/USD,DIS
109452,1,"200,000",1.35441,1/11/2018 11:23:42.2342,GBP/USD,SOM
109457,1,"180,000",1.35507,1/11/2018 11:33:25.3325,GBP/USD,DIS
109459,1,"180,000",1.35508,1/11/2018 11:33:26.3326,GBP/USD,DIS
109462,1,"490,000",1.35524,1/11/2018 11:35:11.3511,GBP/USD,SOM
109469,1,"180,000",1.35525,1/11/2018 11:40:19.4019,GBP/USD,SOM
109470,1,"180,000",1.35525,1/11/2018 11:40:20.4020,GBP/USD,SOM
109474,1,"180,000",1.3539,1/11/2018 12:03:47.347,GBP/USD,DIS
109480,1,"490,000",1.35381,1/11/2018 12:06:00.60,GBP/USD,SOM
109485,1,"180,000",1.35393,1/11/2018 12:12:01.121,GBP/USD,SOM
109486,1,"180,000",1.35395,1/11/2018 12:12:02.122,GBP/USD,SOM
109488,1,"310,000",1.35395,1/11/2018 12:12:03.123,GBP/USD,SOM
109496,1,"180,000",1.35407,1/11/2018 12:18:12.1812,GBP/USD,DIS
109498,1,"320,000",1.35382,1/11/2018 12:19:38.1938,GBP/USD,SOM
109500,1,"320,000",1.35384,1/11/2018 12:19:39.1939,GBP/USD,SOM
109502,1,"200,000",1.35416,1/11/2018 12:23:48.2348,GBP/USD,SOM
109503,1,"200,000",1.35416,1/11/2018 12:23:49.2349,GBP/USD,SOM
109506,1,"200,000",1.35423,1/11/2018 12:23:50.2350,GBP/USD,SOM
109508,1,"200,000",1.3542,1/11/2018 12:23:51.2351,GBP/USD,SOM
109510,1,"200,000",1.3542,1/11/2018 12:23:52.2352,GBP/USD,SOM
109514,1,"490,000",1.35434,1/11/2018 12:35:28.3528,GBP/USD,SOM
109517,1,"310,000",1.35435,1/11/2018 12:41:03.413,GBP/USD,SOM
109518,1,"310,000",1.35434,1/11/2018 12:41:04.414,GBP/USD,SOM
109520,1,"310,000",1.35435,1/11/2018 12:41:05.415,GBP/USD,SOM
109523,1,"120,000",1.35434,1/11/2018 12:41:06.416,GBP/USD,SOM
109525,1,"120,000",1.35436,1/11/2018 12:41:07.417,GBP/USD,SOM
109528,1,"490,000",1.35375,1/11/2018 13:06:26.626,GBP/USD,SOM
109532,1,"310,000",1.35374,1/11/2018 13:13:05.135,GBP/USD,SOM
109534,1,"310,000",1.35377,1/11/2018 13:13:06.136,GBP/USD,SOM
109548,-1,"180,000",1.35348,1/11/2018 15:04:26.426,GBP/USD,DIS
109551,-1,"140,000",1.35372,1/11/2018 15:11:10.1110,GBP/USD,MAR
109589,-1,"560,000",1.35384,1/11/2018 18:08:12.812,GBP/USD,SOM
109614,-1,"310,000",1.353936,1/11/2018 18:18:26.1826,GBP/USD,SOM
109631,-1,"200,000",1.35415,1/11/2018 18:30:09.309,GBP/USD,SOM
109658,-1,"310,000",1.35419,1/11/2018 18:46:43.4643,GBP/USD,SOM
109671,1,"320,000",1.35583,1/11/2018 19:17:56.1756,GBP/USD,SOM
109684,1,"490,000",1.35584,1/11/2018 19:33:12.3312,GBP/USD,SOM
109700,1,"310,000",1.35598,1/11/2018 19:35:42.3542,GBP/USD,SOM
109703,-1,"490,000",1.35545,1/11/2018 20:03:36.336,GBP/USD,SOM
109765,-1,"320,000",1.35497,1/11/2018 21:18:26.1826,GBP/USD,SOM
109771,-1,"490,000",1.35487,1/11/2018 21:33:48.3348,GBP/USD,SOM
109782,1,"180,000",1.35472,1/11/2018 22:03:07.37,GBP/USD,DIS
109811,-1,"200,000",1.35468,1/11/2018 22:27:47.2747,GBP/USD,SOM
109826,-1,"180,000",1.35466,1/11/2018 22:45:45.4545,GBP/USD,SOM
109828,1,"180,000",1.35486,1/11/2018 23:04:57.457,GBP/USD,DIS
109839,-1,"180,000",1.35449,1/11/2018 23:19:52.1952,GBP/USD,SOM
109859,-1,"180,000",1.35491,1/12/2018 0:06:32.632,GBP/USD,SOM
109861,-1,"200,000",1.35488,1/12/2018 0:20:04.204,GBP/USD,SOM
109869,-1,"180,000",1.35439,1/12/2018 0:36:00.360,GBP/USD,SOM
109876,1,"300,000",1.35433,1/12/2018 1:13:25.1325,GBP/USD,SOM
109884,-1,"180,000",1.35467,1/12/2018 1:29:09.299,GBP/USD,SOM
109909,-1,"180,000",1.35468,1/12/2018 2:28:43.2843,GBP/USD,SOM
109911,1,"310,000",1.354753,1/12/2018 2:28:44.2844,GBP/USD,SOM
109918,-1,"200,000",1.35468,1/12/2018 2:31:57.3157,GBP/USD,SOM
109934,-1,"180,000",1.35463,1/12/2018 2:37:10.3710,GBP/USD,SOM
109935,-1,"360,000",1.35401,1/12/2018 3:02:51.251,GBP/USD,DIS
109937,-1,"300,000",1.3541,1/12/2018 3:04:27.427,GBP/USD,SOM
109947,-1,"320,000",1.35447,1/12/2018 3:18:33.1833,GBP/USD,SOM
109948,-1,"490,000",1.35601,1/12/2018 3:33:32.3332,GBP/USD,SOM
109955,-1,"300,000",1.36034,1/12/2018 4:04:25.425,GBP/USD,SOM
109967,-1,"180,000",1.36064,1/12/2018 4:08:21.821,GBP/USD,SOM
109969,-1,"180,000",1.3606,1/12/2018 4:08:22.822,GBP/USD,SOM
109979,-1,"180,000",1.36076,1/12/2018 4:20:35.2035,GBP/USD,MAR
109980,-1,"180,000",1.36073,1/12/2018 4:20:36.2036,GBP/USD,MAR
109984,-1,"200,000",1.36068,1/12/2018 4:20:37.2037,GBP/USD,MAR
109995,1,"200,000",1.36084,1/12/2018 4:22:07.227,GBP/USD,SOM
110017,-1,"180,000",1.36189,1/12/2018 4:36:32.3632,GBP/USD,MAR
110019,-1,"180,000",1.3619,1/12/2018 4:36:33.3633,GBP/USD,MAR
110023,-1,"360,000",1.36191,1/12/2018 4:36:34.3634,GBP/USD,MAR
110027,1,"180,000",1.36198,1/12/2018 4:38:18.3818,GBP/USD,SOM
110028,1,"180,000",1.36198,1/12/2018 4:38:19.3819,GBP/USD,SOM
110029,-1,"180,000",1.36109,1/12/2018 5:03:18.318,GBP/USD,DIS
110031,-1,"180,000",1.3611,1/12/2018 5:03:19.319,GBP/USD,DIS
110042,-1,"180,000",1.36118,1/12/2018 5:07:14.714,GBP/USD,MAR
110046,1,"180,000",1.36113,1/12/2018 5:10:06.106,GBP/USD,SOM
110049,1,"180,000",1.36114,1/12/2018 5:10:07.107,GBP/USD,SOM
110055,1,"320,000",1.36113,1/12/2018 5:19:14.1914,GBP/USD,SOM
110060,1,"200,000",1.36145,1/12/2018 5:22:51.2251,GBP/USD,SOM
110061,1,"200,000",1.36145,1/12/2018 5:22:52.2252,GBP/USD,SOM
110070,1,"240,000",1.36167,1/12/2018 5:36:33.3633,GBP/USD,MAR
110072,1,"180,000",1.36148,1/12/2018 5:38:35.3835,GBP/USD,SOM
110076,-1,"180,000",1.36281,1/12/2018 6:13:33.1333,GBP/USD,MAR
110096,1,"180,000",1.36279,1/12/2018 6:19:25.1925,GBP/USD,SOM
110103,-1,"240,000",1.36338,1/12/2018 6:43:31.4331,GBP/USD,MAR
110110,-1,"180,000",1.36335,1/12/2018 6:48:20.4820,GBP/USD,SOM
110111,1,"96,000",1.36362,1/12/2018 7:03:30.330,GBP/USD,SOM
110122,1,"200,000",1.36335,1/12/2018 7:20:19.2019,GBP/USD,SOM
110127,1,"240,000",1.36293,1/12/2018 7:34:49.3449,GBP/USD,MAR
110130,1,"310,000",1.36293,1/12/2018 7:35:59.3559,GBP/USD,SOM
110135,1,"180,000",1.3639,1/12/2018 8:05:26.526,GBP/USD,MAR
110150,1,"310,000",1.3639,1/12/2018 8:07:09.79,GBP/USD,SOM
110154,1,"180,000",1.36357,1/12/2018 8:19:46.1946,GBP/USD,MAR
110159,1,"200,000",1.36357,1/12/2018 8:20:56.2056,GBP/USD,SOM
110162,1,"200,000",1.3636,1/12/2018 8:20:57.2057,GBP/USD,SOM
110175,1,"180,000",1.36345,1/12/2018 8:35:25.3525,GBP/USD,MAR
110180,1,"310,000",1.36354,1/12/2018 8:36:51.3651,GBP/USD,SOM
110184,1,"310,000",1.3635,1/12/2018 8:36:52.3652,GBP/USD,SOM
110189,1,"180,000",1.36468,1/12/2018 9:03:07.37,GBP/USD,DIS
110192,1,"180,000",1.36465,1/12/2018 9:03:08.38,GBP/USD,DIS
110205,1,"490,000",1.36519,1/12/2018 9:04:44.444,GBP/USD,SOM
110235,1,"310,000",1.36573,1/12/2018 9:09:32.932,GBP/USD,SOM
110236,1,"310,000",1.36574,1/12/2018 9:09:33.933,GBP/USD,SOM
110239,1,"180,000",1.36576,1/12/2018 9:09:34.934,GBP/USD,SOM
110243,1,"310,000",1.36583,1/12/2018 9:09:35.935,GBP/USD,SOM
110250,1,"180,000",1.3662,1/12/2018 9:17:57.1757,GBP/USD,DIS
110254,1,"320,000",1.3668,1/12/2018 9:18:56.1856,GBP/USD,SOM
110258,-1,"180,000",1.36676,1/12/2018 9:20:41.2041,GBP/USD,MAR
110261,-1,"200,000",1.36668,1/12/2018 9:20:42.2042,GBP/USD,MAR
110267,1,"200,000",1.36675,1/12/2018 9:22:06.226,GBP/USD,SOM
110269,1,"200,000",1.36675,1/12/2018 9:22:07.227,GBP/USD,SOM
110276,1,"180,000",1.36706,1/12/2018 9:33:12.3312,GBP/USD,DIS
110281,1,"490,000",1.36685,1/12/2018 9:34:34.3434,GBP/USD,SOM
110295,-1,"180,000",1.36684,1/12/2018 9:36:50.3650,GBP/USD,MAR
110297,-1,"180,000",1.3668,1/12/2018 9:36:51.3651,GBP/USD,MAR
110300,-1,"180,000",1.36678,1/12/2018 9:36:52.3652,GBP/USD,MAR
110304,-1,"480,000",1.36673,1/12/2018 9:36:53.3653,GBP/USD,MAR
110324,-1,"180,000",1.3668,1/12/2018 10:22:15.2215,GBP/USD,MAR
110331,-1,"140,000",1.36678,1/12/2018 10:22:16.2216,GBP/USD,MAR
110344,1,"310,000",1.36735,1/12/2018 10:29:17.2917,GBP/USD,SOM
110349,-1,"180,000",1.36731,1/12/2018 10:38:15.3815,GBP/USD,MAR
110361,1,"140,000",1.36866,1/12/2018 11:02:13.213,GBP/USD,DIS
110371,1,"490,000",1.36837,1/12/2018 11:02:49.249,GBP/USD,SOM
110379,1,"180,000",1.3687,1/12/2018 11:03:29.329,GBP/USD,MAR
110384,1,"320,000",1.36837,1/12/2018 11:17:39.1739,GBP/USD,SOM
110385,1,"320,000",1.36837,1/12/2018 11:17:40.1740,GBP/USD,SOM
110389,1,"180,000",1.36831,1/12/2018 11:18:29.1829,GBP/USD,MAR
110399,1,"490,000",1.36795,1/12/2018 11:32:58.3258,GBP/USD,SOM
110412,1,"310,000",1.36807,1/12/2018 11:35:02.352,GBP/USD,SOM
110418,1,"490,000",1.36896,1/12/2018 12:03:36.336,GBP/USD,SOM
110420,1,"180,000",1.36894,1/12/2018 12:04:53.453,GBP/USD,MAR
110423,1,"180,000",1.36899,1/12/2018 12:06:16.616,GBP/USD,SOM
110425,1,"320,000",1.36885,1/12/2018 12:18:13.1813,GBP/USD,SOM
110428,1,"200,000",1.36902,1/12/2018 12:20:23.2023,GBP/USD,SOM
110431,1,"130,000",1.36902,1/12/2018 12:33:30.3330,GBP/USD,SOM
110436,1,"180,000",1.36885,1/12/2018 12:36:11.3611,GBP/USD,SOM
110438,-1,"220,000",1.36956,1/12/2018 13:04:03.43,GBP/USD,SOM
110456,-1,"180,000",1.37206,1/12/2018 14:06:24.624,GBP/USD,MAR
110467,1,"240,000",1.37357,1/12/2018 14:33:14.3314,GBP/USD,MAR
110469,1,"180,000",1.37336,1/12/2018 15:02:01.21,GBP/USD,DIS
110485,1,"180,000",1.37328,1/12/2018 15:17:02.172,GBP/USD,DIS
110500,1,"180,000",1.37322,1/12/2018 15:32:12.3212,GBP/USD,DIS
110520,1,"180,000",1.37331,1/12/2018 16:03:23.323,GBP/USD,MAR
110523,1,"180,000",1.37331,1/12/2018 16:03:24.324,GBP/USD,MAR
110524,1,"180,000",1.3742,1/12/2018 16:18:07.187,GBP/USD,MAR
110533,1,"180,000",1.3738,1/12/2018 16:33:22.3322,GBP/USD,MAR
